{"fx": 608.5343627929688, "fy": 608.1014404296875, "ppx": 311.4859619140625, "ppy": 235.00823974609375, "height": 480, "width": 640, "depth_scale": 0.0010000000474974513}